19BF1A1252,13:39:16
19BF1A1252,13:39:16
19BF1A1252,13:39:19
19BF1A1252,13:39:20
19BF1A1252,13:39:20
19BF1A1252,13:39:21
19BF1A1252,13:39:22
19BF1A1252,13:39:23
19BF1A1252,13:39:24
19BF1A1252,13:39:25
19BF1A1252,13:39:26
19BF1A1252,13:39:27
19BF1A1252,13:39:27
19BF1A1252,13:39:28
19BF1A1252,13:39:29
19BF1A1252,13:39:29
19BF1A1252,13:39:30
19BF1A1252,13:39:31
19BF1A1252,13:39:32
19BF1A1252,13:39:32
19BF1A1252,13:39:33
19BF1A1252,13:39:34
19BF1A1252,13:39:35
19BF1A1252,13:39:35
19BF1A1252,13:39:36
19BF1A1252,13:39:37
19BF1A1252,13:39:38
19BF1A1252,13:39:39
19BF1A1252,13:39:40
19BF1A1252,13:39:40
19BF1A1252,13:39:41
19BF1A1252,13:39:42
19BF1A1252,13:39:43
19BF1A1252,13:39:43
19BF1A1252,13:39:44
19BF1A1252,13:39:45
19BF1A1252,13:39:46
19BF1A1252,13:39:47
19BF1A1252,13:39:48
19BF1A1252,13:39:49
19BF1A1252,13:39:49
19BF1A1252,13:39:50
19BF1A1252,13:39:51
19BF1A1252,13:39:51
19BF1A1252,13:39:52
19BF1A1252,13:39:53
19BF1A1252,13:39:54
19BF1A1252,13:39:54
19BF1A1252,13:39:55
19BF1A1252,13:39:56
19BF1A1252,13:39:56
19BF1A1252,13:39:57
19BF1A1252,13:39:58
19BF1A1252,13:39:59
19BF1A1252,13:39:59
19BF1A1252,13:40:00
19BF1A1252,13:40:01
19BF1A1252,13:40:02
19BF1A1252,13:40:03
19BF1A1252,13:40:04
19BF1A1252,13:40:04
19BF1A1252,13:40:06
19BF1A1252,13:40:07
19BF1A1252,13:40:07
19BF1A1252,13:40:09
19BF1A1252,13:40:10
19BF1A1252,13:40:10
19BF1A1252,13:40:11
19BF1A1252,13:40:12
19BF1A1252,13:40:13
19BF1A1252,13:40:13
19BF1A1252,13:40:14
19BF1A1252,13:40:15
19BF1A1252,13:40:16
19BF1A1252,13:40:16
19BF1A1252,13:40:17
19BF1A1252,13:40:18
19BF1A1252,13:40:18
19BF1A1252,13:40:19
19BF1A1252,13:40:20
19BF1A1252,13:40:21
19BF1A1252,13:40:21
19BF1A1252,13:40:22
19BF1A1252,13:40:23
19BF1A1252,13:40:24
19BF1A1252,13:40:24
19BF1A1252,13:40:25
19BF1A1252,13:40:26
19BF1A1252,13:40:27
19BF1A1252,13:40:27
19BF1A1252,13:40:28
19BF1A1252,13:40:29
19BF1A1252,13:40:29
19BF1A1252,13:40:30
19BF1A1252,13:40:31
19BF1A1252,13:40:32
19BF1A1252,13:40:32
19BF1A1252,13:40:33
19BF1A1252,13:40:34
19BF1A1252,13:40:35
19BF1A1252,13:40:35
19BF1A1252,13:40:36
19BF1A1252,13:40:37
19BF1A1252,13:40:37
19BF1A1252,13:40:38
19BF1A1252,13:40:39
19BF1A1252,13:40:40
19BF1A1252,13:40:41
19BF1A1252,13:40:41
19BF1A1252,13:40:42
19BF1A1252,13:40:43
19BF1A1252,13:40:44
19BF1A1252,13:40:45
19BF1A1252,13:40:45
19BF1A1252,13:40:46
19BF1A1252,13:40:48
19BF1A1252,13:40:49
19BF1A1252,13:40:50
19BF1A1252,13:40:50
19BF1A1252,13:40:51
19BF1A1252,13:40:52
19BF1A1252,13:40:52
19BF1A1252,13:40:53
19BF1A1252,13:40:54
19BF1A1252,13:40:54
19BF1A1252,13:40:55
19BF1A1252,13:40:56
19BF1A1252,13:40:57
19BF1A1252,13:40:57
19BF1A1252,13:40:58
19BF1A1252,13:40:59
19BF1A1252,13:41:00
19BF1A1252,13:41:00
19BF1A1252,13:41:01
19BF1A1252,13:41:02
19BF1A1252,13:41:03
19BF1A1252,13:41:03
19BF1A1252,13:41:05
19BF1A1252,13:41:06
19BF1A1252,13:41:07
19BF1A1252,13:41:07
19BF1A1252,13:41:08
19BF1A1252,13:41:09
19BF1A1252,13:41:10
19BF1A1252,13:03:20
19BF1A1252,14:17:08
19BF1A1252,17:42:11
19BF1A1252,17:42:27
19BF1A1252,17:44:01
19BF1A1252,17:44:01
19BF1A1252,17:44:02
19BF1A1252,17:44:02
19BF1A1252,17:44:03
19BF1A1252,17:44:03
19BF1A1252,17:44:04
19BF1A1252,17:44:04
19BF1A1252,17:44:09
19BF1A1252,17:44:14
19BF1A1252,17:44:19
19BF1A1252,19:46:19
19BF1A1252,14:02:13
19BF1A1252,14:02:13
19BF1A1252,14:02:18
19BF1A1252,14:02:19
19BF1A1252,14:02:25
19BF1A1252,14:02:39
19BF1A1252,14:02:49
19BF1A1252,14:04:11
19BF1A1252,14:04:16
19BF1A1252,14:04:17
19BF1A1252,14:04:17
19BF1A1252,14:04:30
19BF1A1252,14:04:31
19BF1A1252,14:05:02
19BF1A1252,14:05:03
19BF1A1252,14:05:20
19BF1A1252,14:05:20
19BF1A1252,14:05:21
19BF1A1252,14:05:22
19BF1A1252,14:05:28
19BF1A1252,14:05:33
19BF1A1252,14:05:33
19BF1A1252,14:05:34
19BF1A1252,14:05:35
19BF1A1252,14:05:37
19BF1A1252,14:05:37
19BF1A1252,14:05:38
19BF1A1252,14:06:04
19BF1A1252,14:06:10
19BF1A1252,14:06:11
19BF1A1252,14:06:12
19BF1A1252,14:06:13
19BF1A1252,14:06:14
19BF1A1252,14:06:16
19BF1A1252,14:06:16
19BF1A1252,14:06:20
19BF1A1252,14:06:22
19BF1A1252,14:06:23
19BF1A1252,14:06:25
19BF1A1252,14:06:25
19BF1A1252,14:06:26
19BF1A1252,14:06:26
19BF1A1252,14:06:27
19BF1A1252,14:06:27
19BF1A1252,14:06:33
19BF1A1252,14:06:34
19BF1A1252,14:06:46
19BF1A1252,14:07:03
19BF1A1252,14:07:05
19BF1A1252,14:07:07
19BF1A1252,14:07:10
19BF1A1252,14:07:12
19BF1A1252,14:07:18
19BF1A1252,14:07:20
19BF1A1252,14:07:21
19BF1A1252,14:07:42
19BF1A1252,14:08:08
19BF1A1252,14:08:15
19BF1A1252,14:08:42
19BF1A1252,14:10:42
19BF1A1252,14:10:43
19BF1A1252,14:10:44
19BF1A1252,14:10:44
19BF1A1252,14:10:45
19BF1A1252,14:10:47
19BF1A1252,14:10:47
19BF1A1252,14:10:48
19BF1A1252,14:10:49
19BF1A1252,14:10:50
19BF1A1252,14:10:51
19BF1A1252,14:10:51
19BF1A1252,14:10:52
19BF1A1252,14:11:11
19BF1A1252,14:11:12
19BF1A1252,14:11:12
19BF1A1252,14:11:15
19BF1A1252,14:11:17
19BF1A1252,14:11:19
19BF1A1252,14:11:20
19BF1A1252,14:11:21
19BF1A1252,14:11:27
19BF1A1252,14:11:27
19BF1A1252,14:11:29
19BF1A1252,14:11:32
19BF1A1252,14:11:32
19BF1A1252,14:11:33
19BF1A1252,14:11:34
19BF1A1252,14:11:34
19BF1A1252,14:11:54
