21BF1F0003,13:13:27
21BF1F0003,13:13:29
21BF1F0003,13:13:30
21BF1F0003,13:13:31
21BF1F0003,13:14:48
21BF1F0003,13:14:49
21BF1F0003,13:14:51
21BF1F0003,13:14:52
21BF1F0003,13:14:53
21BF1F0003,13:14:53
21BF1F0003,13:14:54
21BF1F0003,13:14:55
21BF1F0003,13:14:55
21BF1F0003,13:14:56
21BF1F0003,13:14:57
21BF1F0003,13:14:57
21BF1F0003,13:14:58
21BF1F0003,13:14:58
21BF1F0003,13:14:59
21BF1F0003,13:15:00
21BF1F0003,13:15:00
21BF1F0003,13:15:01
21BF1F0003,13:15:01
21BF1F0003,13:15:01
21BF1F0003,13:15:02
21BF1F0003,13:15:02
21BF1F0003,13:15:03
21BF1F0003,13:15:04
21BF1F0003,13:15:04
21BF1F0003,13:15:05
21BF1F0003,13:15:08
21BF1F0003,13:15:10
21BF1F0003,13:15:11
21BF1F0003,13:17:59
21BF1F0003,13:18:00
21BF1F0003,13:18:01
21BF1F0003,13:18:01
21BF1F0003,13:18:02
21BF1F0003,13:18:03
21BF1F0003,13:18:03
21BF1F0003,13:18:04
21BF1F0003,13:18:04
21BF1F0003,13:18:05
21BF1F0003,13:18:06
21BF1F0003,13:18:06
21BF1F0003,13:18:08
21BF1F0003,13:18:08
21BF1F0003,13:18:09
21BF1F0003,13:18:10
21BF1F0003,13:18:10
21BF1F0003,13:18:11
21BF1F0003,13:18:12
21BF1F0003,13:18:12
21BF1F0003,13:18:13
21BF1F0003,13:18:16
21BF1F0003,13:18:17
21BF1F0003,13:23:05
21BF1F0003,13:23:06
21BF1F0003,13:23:11
21BF1F0003,13:23:11
21BF1F0003,13:23:12
21BF1F0003,13:23:12
21BF1F0003,13:23:13
21BF1F0003,13:23:14
21BF1F0003,13:23:15
21BF1F0003,13:23:16
21BF1F0003,13:23:16
21BF1F0003,13:23:17
21BF1F0003,13:23:21
21BF1F0003,13:23:22
21BF1F0003,13:23:23
21BF1F0003,13:23:24
21BF1F0003,13:23:25
21BF1F0003,13:23:26
21BF1F0003,13:23:27
21BF1F0003,13:23:27
21BF1F0003,13:23:28
21BF1F0003,13:23:29
21BF1F0003,13:23:29
21BF1F0003,13:23:30
21BF1F0003,13:23:31
21BF1F0003,13:23:32
21BF1F0003,13:23:32
21BF1F0003,13:23:33
21BF1F0003,13:23:33
21BF1F0003,13:23:34
21BF1F0003,13:23:34
21BF1F0003,13:23:35
21BF1F0003,14:16:22
21BF1F0003,14:16:23
21BF1F0003,14:16:24
21BF1F0003,14:16:24
21BF1F0003,14:16:25
21BF1F0003,14:16:27
21BF1F0003,14:16:28
21BF1F0003,14:16:28
21BF1F0003,14:16:29
21BF1F0003,14:16:31
21BF1F0003,14:16:32
21BF1F0003,14:16:33
21BF1F0003,14:16:33
21BF1F0003,14:16:34
21BF1F0003,14:16:35
21BF1F0003,14:16:35
21BF1F0003,14:16:36
21BF1F0003,14:16:37
21BF1F0003,14:16:37
21BF1F0003,14:16:39
21BF1F0003,14:16:40
21BF1F0003,14:16:41
21BF1F0003,14:16:41
21BF1F0003,14:16:42
21BF1F0003,14:16:47
21BF1F0003,14:16:48
21BF1F0003,14:16:48
21BF1F0003,14:16:49
21BF1F0003,14:16:50
21BF1F0003,14:16:52
21BF1F0003,14:16:53
21BF1F0003,14:16:54
21BF1F0003,14:16:55
21BF1F0003,14:16:56
21BF1F0003,14:16:56
21BF1F0003,14:16:57
21BF1F0003,14:16:57
21BF1F0003,14:16:58
21BF1F0003,14:16:59
21BF1F0003,14:17:00
21BF1F0003,14:17:00
21BF1F0003,14:17:01
21BF1F0003,14:17:01
21BF1F0003,14:17:02
21BF1F0003,14:17:02
21BF1F0003,14:17:02
21BF1F0003,14:17:03
21BF1F0003,14:17:03
21BF1F0003,14:17:04
21BF1F0003,14:17:09
21BF1F0003,14:17:09
21BF1F0003,14:17:10
21BF1F0003,14:17:11
21BF1F0003,14:17:11
21BF1F0003,14:17:12
21BF1F0003,14:17:13
21BF1F0003,14:17:13
21BF1F0003,14:17:14
21BF1F0003,14:17:15
21BF1F0003,14:17:16
21BF1F0003,14:17:17
21BF1F0003,14:17:17
21BF1F0003,14:17:18
21BF1F0003,14:17:19
21BF1F0003,14:17:19
21BF1F0003,14:17:20
21BF1F0003,14:17:20
21BF1F0003,14:17:21
21BF1F0003,14:17:21
21BF1F0003,14:17:21
21BF1F0003,14:17:22
21BF1F0003,14:17:23
21BF1F0003,14:17:23
21BF1F0003,14:17:23
21BF1F0003,14:17:24
21BF1F0003,14:17:24
21BF1F0003,14:17:25
21BF1F0003,14:17:25
21BF1F0003,14:17:26
21BF1F0003,14:17:26
21BF1F0003,14:17:27
21BF1F0003,14:17:27
21BF1F0003,20:05:53
21BF1F0003,20:05:54
21BF1F0003,20:05:55
21BF1F0003,20:05:55
21BF1F0003,20:05:56
21BF1F0003,20:05:57
21BF1F0003,20:05:57
21BF1F0003,20:05:58
21BF1F0003,20:05:58
21BF1F0003,20:05:59
21BF1F0003,11:59:28
21BF1F0003,11:59:29
21BF1F0003,11:59:30
21BF1F0003,11:59:31
21BF1F0003,11:59:32
21BF1F0003,11:59:32
21BF1F0003,11:59:33
21BF1F0003,11:59:34
21BF1F0003,11:59:35
21BF1F0003,11:59:36
21BF1F0003,11:59:37
21BF1F0003,11:59:38
21BF1F0003,11:59:39
21BF1F0003,11:59:40
21BF1F0003,11:59:40
21BF1F0003,11:59:41
21BF1F0003,11:59:42
21BF1F0003,11:59:43
21BF1F0003,11:59:44
21BF1F0003,11:59:45
21BF1F0003,17:37:57
21BF1F0003,17:37:58
21BF1F0003,17:37:59
21BF1F0003,17:38:00
21BF1F0003,17:38:00
21BF1F0003,17:38:01
21BF1F0003,17:38:01
21BF1F0003,17:38:02
21BF1F0003,17:38:03
21BF1F0003,17:38:03
21BF1F0003,17:38:04
21BF1F0003,17:38:04
21BF1F0003,17:38:06
21BF1F0003,17:38:07
21BF1F0003,17:38:08
21BF1F0003,17:38:09
21BF1F0003,17:38:10
21BF1F0003,17:38:10
21BF1F0003,17:38:11
21BF1F0003,17:38:12
21BF1F0003,17:38:12
21BF1F0003,17:38:13
21BF1F0003,17:38:14
21BF1F0003,17:38:14
21BF1F0003,17:38:15
21BF1F0003,17:38:15
21BF1F0003,17:38:16
21BF1F0003,17:38:16
21BF1F0003,17:38:17
21BF1F0003,17:38:19
21BF1F0003,17:38:20
21BF1F0003,17:38:21
21BF1F0003,17:38:22
21BF1F0003,17:38:23
21BF1F0003,17:38:24
21BF1F0003,17:38:25
21BF1F0003,17:38:26
21BF1F0003,17:38:26
21BF1F0003,17:38:27
21BF1F0003,17:38:29
21BF1F0003,17:38:29
21BF1F0003,17:38:33
21BF1F0003,17:38:36
21BF1F0003,17:38:40
21BF1F0003,17:38:46
21BF1F0003,17:38:48
21BF1F0003,17:38:49
21BF1F0003,17:38:50
21BF1F0003,17:38:50
21BF1F0003,17:38:51
21BF1F0003,17:38:51
21BF1F0003,17:39:00
21BF1F0003,17:39:05
21BF1F0003,17:39:05
21BF1F0003,17:39:06
21BF1F0003,17:39:17
21BF1F0003,17:39:18
21BF1F0003,17:39:21
21BF1F0003,17:39:22
21BF1F0003,17:39:23
21BF1F0003,17:39:23
21BF1F0003,17:39:26
21BF1F0003,17:39:29
21BF1F0003,17:39:30
21BF1F0003,17:39:31
21BF1F0003,17:39:34
21BF1F0003,17:39:34
21BF1F0003,17:39:35
21BF1F0003,17:39:35
21BF1F0003,17:39:36
21BF1F0003,17:39:36
21BF1F0003,17:39:36
21BF1F0003,17:39:37
21BF1F0003,17:39:38
21BF1F0003,17:39:39
21BF1F0003,17:39:40
21BF1F0003,17:39:40
21BF1F0003,17:39:41
21BF1F0003,17:39:44
21BF1F0003,17:39:50
21BF1F0003,17:39:51
21BF1F0003,17:39:52
21BF1F0003,17:39:52
21BF1F0003,17:39:53
21BF1F0003,17:39:53
21BF1F0003,17:39:56
21BF1F0003,17:39:58
21BF1F0003,17:39:58
21BF1F0003,17:39:59
21BF1F0003,17:39:59
21BF1F0003,17:40:02
21BF1F0003,17:40:04
21BF1F0003,17:40:14
21BF1F0003,17:40:16
21BF1F0003,17:40:16
21BF1F0003,17:40:17
21BF1F0003,17:40:17
21BF1F0003,17:40:17
21BF1F0003,17:40:55
21BF1F0003,17:42:38
21BF1F0003,17:42:39
21BF1F0003,17:42:41
21BF1F0003,17:42:59
21BF1F0003,17:43:00
21BF1F0003,17:43:15
21BF1F0003,17:43:15
21BF1F0003,17:43:23
21BF1F0003,17:43:35
21BF1F0003,17:43:40
21BF1F0003,17:43:40
21BF1F0003,17:43:41
21BF1F0003,17:43:42
21BF1F0003,17:43:43
21BF1F0003,17:43:44
21BF1F0003,17:43:51
21BF1F0003,17:44:04
21BF1F0003,17:44:05
21BF1F0003,17:44:05
21BF1F0003,17:44:06
21BF1F0003,17:44:13
21BF1F0003,17:44:15
21BF1F0003,17:44:16
21BF1F0003,17:44:18
21BF1F0003,17:44:23
21BF1F0003,17:44:23
21BF1F0003,17:44:24
21BF1F0003,17:44:25
21BF1F0003,17:44:25
21BF1F0003,17:44:26
21BF1F0003,17:44:27
21BF1F0003,17:44:27
21BF1F0003,17:44:28
21BF1F0003,17:44:28
21BF1F0003,17:44:29
21BF1F0003,17:44:29
21BF1F0003,17:44:30
21BF1F0003,17:44:30
21BF1F0003,17:44:31
21BF1F0003,17:44:31
21BF1F0003,17:44:31
21BF1F0003,17:44:32
21BF1F0003,17:44:32
21BF1F0003,17:44:33
21BF1F0003,17:44:33
21BF1F0003,17:44:34
21BF1F0003,17:44:34
21BF1F0003,17:44:35
21BF1F0003,17:44:35
21BF1F0003,17:44:35
21BF1F0003,19:46:03
21BF1F0003,19:46:14
21BF1F0003,19:46:14
21BF1F0003,19:46:14
21BF1F0003,19:46:15
21BF1F0003,19:46:43
21BF1F0003,19:46:44
21BF1F0003,19:46:44
21BF1F0003,19:46:45
21BF1F0003,19:46:46
21BF1F0003,19:46:46
21BF1F0003,19:46:48
21BF1F0003,19:47:33
21BF1F0003,19:47:37
21BF1F0003,19:47:39
21BF1F0003,19:47:40
21BF1F0003,19:47:40
21BF1F0003,19:47:41
21BF1F0003,19:47:42
21BF1F0003,19:47:42
21BF1F0003,19:47:43
21BF1F0003,19:47:44
21BF1F0003,19:47:44
21BF1F0003,19:47:45
21BF1F0003,19:47:45
21BF1F0003,19:47:46
21BF1F0003,19:47:46
21BF1F0003,19:47:47
21BF1F0003,19:47:47
21BF1F0003,19:47:48
21BF1F0003,19:47:48
21BF1F0003,19:47:49
21BF1F0003,19:47:49
21BF1F0003,19:47:50
21BF1F0003,19:47:50
21BF1F0003,19:47:50
21BF1F0003,19:47:51
21BF1F0003,19:47:51
21BF1F0003,19:47:52
21BF1F0003,19:47:52
21BF1F0003,19:47:53
21BF1F0003,19:47:53
21BF1F0003,19:47:53
21BF1F0003,19:47:54
21BF1F0003,19:47:54
21BF1F0003,19:47:55
21BF1F0003,19:47:55
21BF1F0003,19:47:56
21BF1F0003,19:47:56
21BF1F0003,19:47:57
21BF1F0003,19:47:57
21BF1F0003,19:47:57
21BF1F0003,19:47:58
21BF1F0003,19:47:58
21BF1F0003,19:47:59
21BF1F0003,19:48:00
21BF1F0003,19:48:04
21BF1F0003,18:22:57
21BF1F0003,18:22:57
21BF1F0003,18:22:58
21BF1F0003,18:22:58
21BF1F0003,18:22:58
21BF1F0003,18:22:59
21BF1F0003,18:22:59
21BF1F0003,18:22:59
21BF1F0003,18:23:00
21BF1F0003,18:23:00
21BF1F0003,18:23:01
21BF1F0003,18:23:01
21BF1F0003,18:23:01
21BF1F0003,18:23:07
21BF1F0003,18:23:12
21BF1F0003,14:02:24
21BF1F0003,14:02:24
21BF1F0003,14:02:48
21BF1F0003,14:02:53
21BF1F0003,14:02:54
21BF1F0003,14:02:54
21BF1F0003,14:02:55
21BF1F0003,14:02:57
21BF1F0003,14:02:57
21BF1F0003,14:02:58
21BF1F0003,14:02:58
21BF1F0003,14:02:59
21BF1F0003,14:02:59
21BF1F0003,14:03:00
21BF1F0003,14:03:19
21BF1F0003,14:03:19
21BF1F0003,14:03:20
21BF1F0003,14:03:21
21BF1F0003,14:03:22
21BF1F0003,14:03:23
21BF1F0003,14:03:23
21BF1F0003,14:03:24
21BF1F0003,14:03:25
21BF1F0003,14:03:25
21BF1F0003,14:03:29
21BF1F0003,14:03:42
21BF1F0003,14:03:46
21BF1F0003,14:03:53
21BF1F0003,14:03:57
21BF1F0003,14:04:10
21BF1F0003,14:04:10
21BF1F0003,14:04:11
21BF1F0003,14:04:12
21BF1F0003,14:04:13
21BF1F0003,14:04:15
21BF1F0003,14:04:16
21BF1F0003,14:04:24
21BF1F0003,14:04:53
21BF1F0003,14:05:39
21BF1F0003,14:06:12
21BF1F0003,14:06:19
21BF1F0003,14:06:20
21BF1F0003,14:06:21
21BF1F0003,14:06:22
21BF1F0003,14:06:23
21BF1F0003,14:06:24
21BF1F0003,14:06:45
21BF1F0003,14:06:46
21BF1F0003,14:06:47
21BF1F0003,14:06:51
21BF1F0003,14:06:52
21BF1F0003,14:06:53
21BF1F0003,14:06:55
21BF1F0003,14:07:02
21BF1F0003,14:07:03
21BF1F0003,14:07:04
21BF1F0003,14:07:09
21BF1F0003,14:07:10
21BF1F0003,14:07:13
21BF1F0003,14:07:23
21BF1F0003,14:07:36
21BF1F0003,14:07:36
21BF1F0003,14:07:37
21BF1F0003,14:08:13
21BF1F0003,14:09:38
21BF1F0003,14:10:17
21BF1F0003,14:10:24
21BF1F0003,14:10:40
21BF1F0003,14:10:46
21BF1F0003,14:10:49
21BF1F0003,14:11:24
21BF1F0003,14:11:28
21BF1F0003,14:11:29
21BF1F0003,14:11:36
21BF1F0003,14:11:52
21BF1F0003,14:46:30
21BF1F0003,14:53:31
21BF1F0003,14:55:05
21BF1F0003,14:55:06
21BF1F0003,14:55:33
21BF1F0003,14:55:44
21BF1F0003,14:55:46
21BF1F0003,14:55:52
21BF1F0003,14:55:59
21BF1F0003,14:56:00
21BF1F0003,14:56:09
21BF1F0003,14:56:12
21BF1F0003,14:56:13
21BF1F0003,14:56:14
21BF1F0003,14:56:17
21BF1F0003,14:56:18
21BF1F0003,14:56:20
21BF1F0003,14:56:23
21BF1F0003,14:56:24
21BF1F0003,14:56:26
21BF1F0003,14:56:27
21BF1F0003,14:56:27
21BF1F0003,14:56:28
21BF1F0003,14:56:29
21BF1F0003,14:56:29
21BF1F0003,14:56:30
21BF1F0003,14:56:30
21BF1F0003,14:56:34
21BF1F0003,14:56:46
21BF1F0003,14:56:47
21BF1F0003,14:56:50
21BF1F0003,14:56:52
21BF1F0003,14:56:52
21BF1F0003,14:56:53
21BF1F0003,14:56:53
21BF1F0003,14:56:54
21BF1F0003,10:27:11
21BF1F0003,10:27:12
21BF1F0003,10:27:12
21BF1F0003,10:27:13
21BF1F0003,10:27:14
21BF1F0003,10:27:14
21BF1F0003,10:27:15
21BF1F0003,10:27:15
21BF1F0003,10:27:16
21BF1F0003,10:27:17
21BF1F0003,10:27:17
21BF1F0003,10:27:18
21BF1F0003,10:27:18
21BF1F0003,10:27:19
21BF1F0003,10:27:20
21BF1F0003,10:27:20
21BF1F0003,10:27:21
21BF1F0003,10:27:21
21BF1F0003,10:27:22
21BF1F0003,10:27:24
21BF1F0003,10:27:24
21BF1F0003,10:27:25
21BF1F0003,10:27:36
21BF1F0003,10:27:37
21BF1F0003,10:27:45
21BF1F0003,10:27:47
21BF1F0003,10:28:31
21BF1F0003,10:28:31
21BF1F0003,10:28:32
21BF1F0003,10:28:34
21BF1F0003,10:28:34
21BF1F0003,10:28:35
21BF1F0003,10:28:36
21BF1F0003,10:28:37
21BF1F0003,10:28:38
21BF1F0003,10:28:42
21BF1F0003,10:28:49
21BF1F0003,10:28:54
21BF1F0003,10:28:55
21BF1F0003,10:28:55
21BF1F0003,10:28:56
21BF1F0003,10:28:57
21BF1F0003,10:28:57
21BF1F0003,10:28:58
21BF1F0003,10:28:58
21BF1F0003,10:28:59
21BF1F0003,10:29:00
21BF1F0003,10:29:00
21BF1F0003,10:29:01
21BF1F0003,10:29:02
21BF1F0003,10:29:02
21BF1F0003,10:29:03
21BF1F0003,10:29:03
21BF1F0003,10:29:04
